{
  "version": 1,
  "author": "Anonymous maker",
  "editor": "wokwi",
  "parts": [
    { "type": "wokwi-breadboard-half", "id": "bb1", "top": -22.2, "left": -6.8, "attrs": {} },
    { "type": "wokwi-arduino-uno", "id": "uno", "top": 231, "left": 9, "attrs": {} },
    { "type": "wokwi-led", "id": "led1", "top": 63.6, "left": 215, "attrs": { "color": "red" } },
    {
      "type": "wokwi-led",
      "id": "led2",
      "top": 63.6,
      "left": 253.4,
      "attrs": { "color": "green" }
    },
    {
      "type": "wokwi-dht22",
      "id": "dht1",
      "top": -76.5,
      "left": 129,
      "attrs": { "humidity": "50.5", "temperature": "47.9" }
    },
    {
      "type": "wokwi-servo",
      "id": "servo1",
      "top": -58.6,
      "left": -295.8,
      "rotate": 270,
      "attrs": {}
    },
    {
      "type": "wokwi-resistor",
      "id": "r1",
      "top": 139.2,
      "left": 201.05,
      "rotate": 90,
      "attrs": { "value": "1000" }
    },
    {
      "type": "wokwi-resistor",
      "id": "r2",
      "top": 139.2,
      "left": 239.45,
      "rotate": 90,
      "attrs": { "value": "1000" }
    },
    {
      "type": "wokwi-servo",
      "id": "servo2",
      "top": -58.6,
      "left": -171,
      "rotate": 270,
      "attrs": {}
    }
  ],
  "connections": [
    [ "uno:5V", "bb1:bp.1", "red", [ "v28.7", "h-207.4", "v-288" ] ],
    [ "bb1:bn.1", "uno:GND.1", "green", [ "v46.7", "h97.6" ] ],
    [ "led1:A", "bb1:24b.g", "", [ "$bb" ] ],
    [ "led1:C", "bb1:23b.g", "", [ "$bb" ] ],
    [ "r1:1", "bb1:23b.h", "", [ "$bb" ] ],
    [ "r1:2", "bb1:bn.19", "", [ "$bb" ] ],
    [ "led2:A", "bb1:28b.g", "", [ "$bb" ] ],
    [ "led2:C", "bb1:27b.g", "", [ "$bb" ] ],
    [ "servo1:V+", "bb1:bp.5", "green", [ "v67.2", "h134.5" ] ],
    [ "servo1:GND", "bb1:bn.3", "black", [ "v57.6", "h134.4", "v28.8" ] ],
    [ "servo1:PWM", "uno:10", "green", [ "v124.8", "h221" ] ],
    [ "dht1:GND", "bb1:bn.14", "black", [ "v0" ] ],
    [ "dht1:VCC", "bb1:14t.b", "", [ "$bb" ] ],
    [ "dht1:SDA", "bb1:15t.b", "", [ "$bb" ] ],
    [ "dht1:NC", "bb1:16t.b", "", [ "$bb" ] ],
    [ "dht1:GND", "bb1:17t.b", "", [ "$bb" ] ],
    [ "dht1:VCC", "bb1:bp.11", "red", [ "v0" ] ],
    [ "bb1:15t.c", "uno:12", "green", [ "v153.6", "h-19.2" ] ],
    [ "bb1:28b.h", "uno:3", "green", [ "v0" ] ],
    [ "bb1:24b.h", "uno:4", "green", [ "v105.6", "h-19.2" ] ],
    [ "r2:1", "bb1:27b.h", "", [ "$bb" ] ],
    [ "r2:2", "bb1:bn.22", "", [ "$bb" ] ],
    [ "servo2:PWM", "uno:5", "green", [ "v115.2", "h374.6", "v38.4" ] ],
    [ "servo2:V+", "bb1:bp.6", "green", [ "v67.2", "h259.3" ] ],
    [ "servo2:GND", "bb1:bn.4", "black", [ "v57.6", "h240" ] ]
  ],
  "dependencies": {}
}