{
  "version": 1,
  "author": "Anonymous maker",
  "editor": "wokwi",
  "parts": [
    { "type": "wokwi-breadboard-half", "id": "bb1", "top": -118.2, "left": -54.8, "attrs": {} },
    { "type": "wokwi-arduino-uno", "id": "uno", "top": 125.4, "left": -29.4, "attrs": {} },
    {
      "type": "wokwi-hc-sr04",
      "id": "ultrasonic1",
      "top": -75.3,
      "left": -42.5,
      "attrs": { "distance": "95" }
    },
    {
      "type": "wokwi-led",
      "id": "led1",
      "top": -32.4,
      "left": 147.8,
      "attrs": { "color": "red" }
    },
    {
      "type": "wokwi-led",
      "id": "led2",
      "top": -32.4,
      "left": 186.2,
      "attrs": { "color": "yellow" }
    },
    {
      "type": "wokwi-led",
      "id": "led3",
      "top": -32.4,
      "left": 224.6,
      "attrs": { "color": "limegreen" }
    },
    {
      "type": "wokwi-resistor",
      "id": "r1",
      "top": 43.2,
      "left": 133.85,
      "rotate": 90,
      "attrs": { "value": "220" }
    },
    {
      "type": "wokwi-resistor",
      "id": "r2",
      "top": 43.2,
      "left": 172.25,
      "rotate": 90,
      "attrs": { "value": "220" }
    },
    {
      "type": "wokwi-resistor",
      "id": "r3",
      "top": 43.2,
      "left": 210.65,
      "rotate": 90,
      "attrs": { "value": "220" }
    }
  ],
  "connections": [
    [ "uno:GND.1", "bb1:bn.1", "black", [ "h0.3", "v-19.2", "h-107.2" ] ],
    [ "uno:5V", "bb1:bp.1", "red", [ "v28.7", "h-207.4", "v-268.8" ] ],
    [ "bb1:7b.j", "bb1:bp.5", "green", [ "v0" ] ],
    [ "bb1:10b.j", "bb1:bn.8", "black", [ "v0" ] ],
    [ "bb1:8b.i", "uno:7", "green", [ "v76.8", "h124.8", "v28.8" ] ],
    [ "bb1:9b.i", "uno:8", "blue", [ "v67.2", "h95.6" ] ],
    [ "led1:A", "bb1:22b.g", "", [ "$bb" ] ],
    [ "led1:C", "bb1:21b.g", "", [ "$bb" ] ],
    [ "r1:1", "bb1:21b.h", "", [ "$bb" ] ],
    [ "r1:2", "bb1:bn.17", "", [ "$bb" ] ],
    [ "led2:A", "bb1:26b.g", "", [ "$bb" ] ],
    [ "led2:C", "bb1:25b.g", "", [ "$bb" ] ],
    [ "led3:A", "bb1:30b.g", "", [ "$bb" ] ],
    [ "led3:C", "bb1:29b.g", "", [ "$bb" ] ],
    [ "r2:1", "bb1:25b.h", "", [ "$bb" ] ],
    [ "r3:1", "bb1:29b.h", "", [ "$bb" ] ],
    [ "r3:2", "bb1:bn.24", "", [ "$bb" ] ],
    [ "bb1:22b.h", "uno:6", "green", [ "v0" ] ],
    [ "bb1:26b.h", "uno:5", "gold", [ "v86.4", "h-28.8" ] ],
    [ "bb1:30b.h", "uno:4", "green", [ "v96", "h-57.6" ] ],
    [ "ultrasonic1:VCC", "bb1:7b.h", "", [ "$bb" ] ],
    [ "ultrasonic1:TRIG", "bb1:8b.h", "", [ "$bb" ] ],
    [ "ultrasonic1:ECHO", "bb1:9b.h", "", [ "$bb" ] ],
    [ "ultrasonic1:GND", "bb1:10b.h", "", [ "$bb" ] ]
  ],
  "dependencies": {}
}